{"MSE": 2.4531359513257023, "_timestamp": 1686034037.349983, "_runtime": 13.787158966064453, "_step": 0, "_wandb": {"runtime": 13}}