{"MSE": 2.4607046807733934, "_timestamp": 1686034450.772197, "_runtime": 6.138538122177124, "_step": 0, "_wandb": {"runtime": 5}}