{"MSE": 2.453031255035805, "_timestamp": 1686034504.816989, "_runtime": 19.314631938934326, "_step": 0, "_wandb": {"runtime": 19}}