{"MSE": 2.453031255035805, "_timestamp": 1686034554.9700868, "_runtime": 16.839733839035034, "_step": 0, "_wandb": {"runtime": 16}}