{"MSE": 2.4562561371444174, "_timestamp": 1686034528.932471, "_runtime": 7.175890922546387, "_step": 0, "_wandb": {"runtime": 6}}