{"MSE": 2.4607046807733934, "_timestamp": 1686033971.361867, "_runtime": 5.180250883102417, "_step": 0, "_wandb": {"runtime": 4}}