{"MSE": 2.453633465201902, "_timestamp": 1686034010.454158, "_runtime": 12.625030040740967, "_step": 0, "_wandb": {"runtime": 12}}