{"MSE": 2.474300218693265, "_timestamp": 1686034465.742912, "_runtime": 4.74707293510437, "_step": 0, "_wandb": {"runtime": 4}}