{"MSE": 2.453031255035805, "_timestamp": 1686034074.642964, "_runtime": 20.25239896774292, "_step": 0, "_wandb": {"runtime": 19}}