{"MSE": 2.474300218693265, "_timestamp": 1686033985.849632, "_runtime": 3.4778120517730713, "_step": 0, "_wandb": {"runtime": 3}}